[
    {
        "id": 33,
        "program_id": 11,
        "name": "Matematika 1",
        "code": "MAT1",
        "ects": 6,
        "professor": "doc. dr. sc. Milena Sošić",
        "assistant": ["doc. dr. sc. Milena Sošić"],
        "dinp": "https://inf.uniri.hr/images/nastava/izvedbeni/2020_2021/preddiplomski/1_godina/DINP_2020_2021_MAT1.pdf",
        "semester": 1,
        "optional": 0,
        "academic_year": 2020,
        "csv_file": "dinps/inf/11/DINP_2020_2021_MAT1.csv"
    },
    {
        "id": 34, 
        "program_id": 11,
        "name": "Programiranje 1",
        "code": "PROG1",
        "ects": 6,
        "professor": "dr. sc. Maja Matetić",
        "assistant": ["mag. educ. math. et inf. Dejan Ljubobratović"],
        "dinp": "https://inf.uniri.hr/images/nastava/izvedbeni/2020_2021/preddiplomski/1_godina/DINP_2020_2021_PROG1.pdf",
        "semester": 1,
        "optional": 0,
        "academic_year": 2020,
        "csv_file": "dinps/inf/11/DINP_2020_2021_PROG1.csv"
    },
    {
        "id": 35, 
        "program_id": 11,
        "name": "Osnove informatike",
        "code": "OI",
        "ects": 5,
        "professor": "dr. sc. Sanda Martinčić-Ipšić",
        "assistant": ["dr. sc. Slobodan Beliga"],
        "dinp": "https://inf.uniri.hr/images/nastava/izvedbeni/2020_2021/preddiplomski/1_godina/DINP_2020_2021_OI.pdf",
        "semester": 1,
        "optional": 0,
        "academic_year": 2020,
        "csv_file": "dinps/inf/11/DINP_2020_2021_OI.csv"
    },
    {
        "id": 36, 
        "program_id": 11,
        "name": "Multimedijski sustavi",
        "code": "MMS",
        "ects": 5,
        "professor": "dr. sc. Nataša Hoić-Božić",
        "assistant": ["dr. sc. Slobodan Beliga"],
        "dinp": "https://inf.uniri.hr/images/nastava/izvedbeni/2020_2021/preddiplomski/1_godina/DINP_2020_2021_MMS.pdf",
        "semester": 1,
        "optional": 0,
        "academic_year": 2020,
        "csv_file": "dinps/inf/11/DINP_2020_2021_MMS.csv"
    },
    {
        "id": 37, 
        "program_id": 11,
        "name": "Osnove ekonomike za informatičare",
        "code": "OE",
        "ects": 5,
        "professor": "dr. sc. Borna Debelić",
        "assistant": ["Gordana Bugarinović"],
        "dinp": "https://inf.uniri.hr/images/nastava/izvedbeni/2020_2021/preddiplomski/1_godina/DINP_2020_2021_OE.pdf",
        "semester": 1,
        "optional": 0,
        "academic_year": 2020,
        "csv_file": "dinps/inf/11/DINP_2020_2021_OE.csv"
    },
    {
        "id": 38, 
        "program_id": 11,
        "name": "Engleski za potrebe IT struke",
        "code": "ENG",
        "ects": 4,
        "professor": "doc. dr. sc. Lucia Načinović Prskalo",
        "assistant": ["doc. dr. sc. Lucia Načinović Prskalo"],
        "dinp": "https://inf.uniri.hr/images/nastava/izvedbeni/2020_2021/preddiplomski/1_godina/DINP_2020_2021_ENG_v3.pdf",
        "semester": 1,
        "optional": 0,
        "academic_year": 2020,
        "csv_file": "dinps/inf/11/DINP_2020_2021_ENG_v3.csv"
    },
    {
        "id": 39, 
        "program_id": 11,
        "name": "Tjelesni 1",
        "code": "TZK",
        "ects": 5,
        "professor": "Sergio de Privitellio",
        "assistant": [""],
        "dinp": "https://inf.uniri.hr/404",
        "semester": 1,
        "optional": 0,
        "academic_year": 2020,
        "csv_file": "dinps/inf/11/hr.csv"
    },
    {
        "id": 40, 
        "program_id": 11,
        "name": "Matematika 3",
        "code": "MAT3",
        "ects": 5,
        "professor": "dr. sc. Marija Maksimović",
        "assistant": ["Matea Zubović"],
        "dinp": "https://inf.uniri.hr/images/nastava/izvedbeni/2020_2021/preddiplomski/2_godina/DINP_2020_2021_MAT3_v3.pdf",
        "semester": 3,
        "optional": 0,
        "academic_year": 2020,
        "csv_file": "dinps/inf/11/DINP_2020_2021_MAT3_v3.csv"
    },
    {
        "id": 41, 
        "program_id": 11,
        "name": "Analiza poslovnih procesa",
        "code": "APP",
        "ects": 5,
        "professor": "dr. sc. Mile Pavlić",
        "assistant": ["Rebeka Lerga"],
        "dinp": "https://inf.uniri.hr/images/nastava/izvedbeni/2020_2021/preddiplomski/2_godina/DINP_2020_2021_APP.pdf",
        "semester": 3,
        "optional": 0,
        "academic_year": 2020,
        "csv_file": "dinps/inf/11/DINP_2020_2021_APP.csv"
    },
    {
        "id": 42, 
        "program_id": 11,
        "name": "Objektno programiranje",
        "code": "OP",
        "ects": 5,
        "professor": "dr. sc. Marina Ivašić-Kos",
        "assistant": ["doc. dr. sc. Miran Pobar"],
        "dinp": "https://inf.uniri.hr/images/nastava/izvedbeni/2020_2021/preddiplomski/2_godina/DINP_2020_2021_OP.pdf",
        "semester": 3,
        "optional": 0,
        "academic_year": 2020,
        "csv_file": "dinps/inf/11/DINP_2020_2021_OP.csv"
    },
    {
        "id": 43, 
        "program_id": 11,
        "name": "Računalne mreže",
        "code": "RM",
        "ects": 5,
        "professor": "v.pred. dr. sc. Vedran Miletić",
        "assistant": ["v.pred. dr. sc. Vedran Miletić"],
        "dinp": "https://inf.uniri.hr/images/nastava/izvedbeni/2020_2021/preddiplomski/2_godina/DINP_2020_2021_RM.pdf",
        "semester": 3,
        "optional": 0,
        "academic_year": 2020,
        "csv_file": "dinps/inf/11/DINP_2020_2021_RM.csv"
    },
    {
        "id": 44, 
        "program_id": 11,
        "name": "Baze podataka",
        "code": "BP",
        "ects": 5,
        "professor": "dr. sc. Patrizia Poščić",
        "assistant": ["doc. dr. sc. Danijela Jakšić", "mag. inf. Kristian Stančin"],
        "dinp": "https://inf.uniri.hr/images/nastava/izvedbeni/2020_2021/preddiplomski/2_godina/DINP_2020_2021_BP.pdf",
        "semester": 3,
        "optional": 0,
        "academic_year": 2020,
        "csv_file": "dinps/inf/11/DINP_2020_2021_BP.csv"
    },
    {
        "id": 45, 
        "program_id": 11,
        "name": "Uvod u programsko inženjerstvo",
        "code": "UPI",
        "ects": 5,
        "professor": "izv. prof. dr. sc. Sanja Čandrlić",
        "assistant": ["doc. dr. sc. Martina Ašenbrener Katić"],
        "dinp": "https://inf.uniri.hr/images/nastava/izvedbeni/2020_2021/preddiplomski/2_godina/DINP_2020_2021_UPI.pdf",
        "semester": 3,
        "optional": 0,
        "academic_year": 2020,
        "csv_file": "dinps/inf/11/DINP_2020_2021_UPI.csv"
    },
    {
        "id": 46, 
        "program_id": 11,
        "name": "Kombinatorika (stari program)",
        "code": "KOMB",
        "ects": 5,
        "professor": "dr. sc. Marija Maksimović",
        "assistant": ["dr. sc. Marija Maksimović"],
        "dinp": "https://inf.uniri.hr/images/nastava/izvedbeni/2020_2021/preddiplomski/2_godina/DINP_2020_2021_KOMB.pdf",
        "semester": 3,
        "optional": 0,
        "academic_year": 2020,
        "csv_file": "dinps/inf/11/DINP_2020_2021_KOMB.csv"
    },
    {
        "id": 47, 
        "program_id": 11,
        "name": "Dinamičke web aplikacije 1",
        "code": "DWA1",
        "ects": 5,
        "professor": "doc. dr. sc. Lucia Načinović Prskalo",
        "assistant": ["doc. dr. sc. Lucia Načinović Prskalo"],
        "dinp": "https://inf.uniri.hr/images/nastava/izvedbeni/2020_2021/preddiplomski/3_godina/DINP_DWA1_2020_2021-3.pdf",
        "semester": 5,
        "optional": 0,
        "academic_year": 2020,
        "csv_file": "dinps/inf/11/3.csv"
    },
    {
        "id": 48, 
        "program_id": 11,
        "name": "Formalni jezici i jezični procesori 1",
        "code": "FJJP1",
        "ects": 5,
        "professor": "dr. sc. Sanda Martinčić-Ipšić",
        "assistant": ["Karlo Babić"],
        "dinp": "https://inf.uniri.hr/images/nastava/izvedbeni/2020_2021/preddiplomski/3_godina/DINP_FJJP1_2020_2021.pdf",
        "semester": 5,
        "optional": 0,
        "academic_year": 2020,
        "csv_file": "dinps/inf/11/DINP_FJJP1_2020_2021.csv"
    },
    {
        "id": 49, 
        "program_id": 11,
        "name": "Modeliranje procesa",
        "code": "MP",
        "ects": 5,
        "professor": "dr. sc. Mile Pavlić",
        "assistant": ["izv. prof. dr. sc. Sanja Čandrlić"],
        "dinp": "https://inf.uniri.hr/images/nastava/izvedbeni/2020_2021/preddiplomski/3_godina/DINP_MP_2020_2021.pdf",
        "semester": 5,
        "optional": 0,
        "academic_year": 2020,
        "csv_file": "dinps/inf/11/DINP_MP_2020_2021.csv"
    },
    {
        "id": 50, 
        "program_id": 11,
        "name": "Numerička matematika",
        "code": "NM",
        "ects": 5,
        "professor": "doc. dr. sc. Sanda Bujačić Babić",
        "assistant": ["doc. dr. sc. Sanda Bujačić Babić"],
        "dinp": "https://inf.uniri.hr/images/nastava/izvedbeni/2020_2021/preddiplomski/3_godina/DINP_Numericka_matematika_2020_2021.pdf",
        "semester": 5,
        "optional": 0,
        "academic_year": 2020,
        "csv_file": "dinps/inf/11/DINP_Numericka_matematika_2020_2021.csv"
    },
    {
        "id": 51, 
        "program_id": 11,
        "name": "Objektno orijentirano programiranje",
        "code": "OOP",
        "ects": 5,
        "professor": "dr. sc. Marina Ivašić-Kos",
        "assistant": ["Ivona Franković"],
        "dinp": "https://inf.uniri.hr/images/nastava/izvedbeni/2020_2021/preddiplomski/3_godina/DINP_OOP_2020_2021.pdf",
        "semester": 5,
        "optional": 0,
        "academic_year": 2020,
        "csv_file": "dinps/inf/11/DINP_OOP_2020_2021.csv"
    },
    {
        "id": 52, 
        "program_id": 11,
        "name": "Logičko programiranje",
        "code": "LPR",
        "ects": 5,
        "professor": "izv. prof. dr. sc. Ana Meštrović",
        "assistant": ["izv. prof. dr. sc. Ana Meštrović"],
        "dinp": "https://inf.uniri.hr/images/nastava/izvedbeni/2020_2021/preddiplomski/3_godina/DINP_LPR_2020_2021.pdf",
        "semester": 5,
        "optional": 1,
        "academic_year": 2020,
        "csv_file": "dinps/inf/11/DINP_LPR_2020_2021.csv"
    },
    {
        "id": 53, 
        "program_id": 11,
        "name": "Paralelno programiranje na heterogenim sustavima",
        "code": "PPHS",
        "ects": 5,
        "professor": "izv. prof. dr. sc. Božidar Kovačić",
        "assistant": ["v. pred. dr. sc. Vedran Miletić"],
        "dinp": "https://inf.uniri.hr/images/nastava/izvedbeni/2020_2021/preddiplomski/3_godina/DINP_PPHS_2020_2021.pdf",
        "semester": 5,
        "optional": 1,
        "academic_year": 2020,
        "csv_file": "dinps/inf/11/DINP_PPHS_2020_2021.csv"
    }
]