Datum|Vrijeme|Prostor|Tema|Nastava|Bodovi|Izvođač
09.10.2020.|08:15-09:45|online|Predstavljanje, detaljno upoznavanje studenata s bodovima i obvezama. Uvod.|P||prof. dr.sc. Maja Matetić
09.10.2020.|10:00-11:30|online|Predstavljanje, detaljno upoznavanje studenata s bodovima i obvezama. Uvod.|V||mag. educ. math. et inf. Dejan Ljubobratović
16.10.2020.|08:15-09:45|online|Napredni postupci dubinske analize podataka, seminarski radovi studenata na zadane teme (P);|P||prof. dr.sc. Maja Matetić
16.10.2020.|10:00-11:30|online|Upoznavanje naprednih metoda dubinske analize podataka, izvođenje eksperimenata, priprema za projekt (V)|V||mag. educ. math. et inf. Dejan Ljubobratović
23.10.2020.|08:15-09:45|online|Napredni postupci dubinske analize podataka, seminarski radovi studenata na zadane teme (P);|P||prof. dr.sc. Maja Matetić
23.10.2020.|10:00-11:30|online|Upoznavanje naprednih metoda dubinske analize podataka, izvođenje eksperimenata, priprema za projekt (V)|V||mag. educ. math. et inf. Dejan Ljubobratović
30.10.2020.|08:15-09:45|online|Napredni postupci dubinske analize podataka, seminarski radovi studenata na zadane teme (P);|P||prof. dr.sc. Maja Matetić
30.10.2020.|10:00-11:30|online|Upoznavanje naprednih metoda dubinske analize podataka, izvođenje eksperimenata, priprema za projekt (V)|V||mag. educ. math. et inf. Dejan Ljubobratović
06.11.2020.|08:15-09:45|online|Napredni postupci dubinske analize podataka, seminarski radovi studenata na zadane teme (P);|P||prof. dr.sc. Maja Matetić
06.11.2020.|10:00-11:30|online|Upoznavanje naprednih metoda dubinske analize podataka, izvođenje eksperimenata, priprema za projekt (V)|V||mag. educ. math. et inf. Dejan Ljubobratović
13.11.2020.|08:15-09:45|online|Napredni postupci dubinske analize podataka, seminarski radovi studenata na zadane teme (P);|P||prof. dr.sc. Maja Matetić
13.11.2020.|10:00-11:30|online|Upoznavanje naprednih metoda dubinske analize podataka, izvođenje eksperimenata, priprema za projekt (V)|V||mag. educ. math. et inf. Dejan Ljubobratović
20.11.2020.|08:15-09:45|online|Napredni postupci dubinske analize podataka, seminarski radovi studenata na zadane teme (P);|P||prof. dr.sc. Maja Matetić
20.11.2020.|10:00-11:30|online|Upoznavanje naprednih metoda dubinske analize podataka, izvođenje eksperimenata, priprema za projekt (V)|V||mag. educ. math. et inf. Dejan Ljubobratović
27.11.2020.|08:15-09:45|online|Napredni postupci dubinske analize podataka, seminarski radovi studenata na zadane teme (P);|P||prof. dr.sc. Maja Matetić
27.11.2020.|10:00-11:30|online|Upoznavanje naprednih metoda dubinske analize podataka, izvođenje eksperimenata, priprema za projekt (V)|V||mag. educ. math. et inf. Dejan Ljubobratović
04.12.2020.|08:15-09:45|online|Napredni postupci dubinske analize podataka, seminarski radovi studenata na zadane teme (P);|P||prof. dr.sc. Maja Matetić
04.12.2020.|10:00-11:30|online|Upoznavanje naprednih metoda dubinske analize podataka, izvođenje eksperimenata, priprema za projekt (V)|V||mag. educ. math. et inf. Dejan Ljubobratović
11.12.2020.|08:15-09:45|online|Napredni postupci dubinske analize podataka, seminarski radovi studenata na zadane teme (P);|P||prof. dr.sc. Maja Matetić
11.12.2020.|10:00-11:30|online|Upoznavanje naprednih metoda dubinske analize podataka, izvođenje eksperimenata, priprema za projekt (V)|V||mag. educ. math. et inf. Dejan Ljubobratović
18.12.2020.|08:15-09:45|online|Napredni postupci dubinske analize podataka, seminarski radovi studenata na zadane teme (P);|P||prof. dr.sc. Maja Matetić
18.12.2020.|10:00-11:30|online|Upoznavanje naprednih metoda dubinske analize podataka, izvođenje eksperimenata, priprema za projekt (V)|V||mag. educ. math. et inf. Dejan Ljubobratović
08.01.2021.|08:15-09:45|online|Napredni postupci dubinske analize podataka, seminarski radovi studenata na zadane teme (P);|P||prof. dr.sc. Maja Matetić
08.01.2021.|10:00-11:30|online|Upoznavanje naprednih metoda dubinske analize podataka, izvođenje eksperimenata, priprema za projekt (V)|V||mag. educ. math. et inf. Dejan Ljubobratović
15.01.2021.|08:15-09:45|online|Napredni postupci dubinske analize podataka, seminarski radovi studenata na zadane teme (P);|P||prof. dr.sc. Maja Matetić
15.01.2021.|10:00-11:30|online|Upoznavanje naprednih metoda dubinske analize podataka, izvođenje eksperimenata, priprema za projekt (V)|V||mag. educ. math. et inf. Dejan Ljubobratović
22.01.2021.|08:15-09:45|online|Prezentacije projekata|Z|35|prof. dr.sc. Maja Matetić
22.01.2021.|10:00-11:30|online|Prezentacije projekata|V||mag. educ. math. et inf. Dejan Ljubobratović
29.01.2021.|08:15-09:45|online|Prezentacije projekata (nadoknada termina)|P||prof. dr.sc. Maja Matetić
29.01.2021.|10:00-11:30|online|Prezentacije projekata (nadoknada termina)|V||mag. educ. math. et inf. Dejan Ljubobratović
05.02.2021.|00:00-23:59|online|Završni ispit (1. redoviti rok)|Z|30|prof. dr.sc. Maja Matetić / mag. educ. math. et inf. Dejan Ljubobratović
19.02.2021.|00:00-23:59|online|Završni ispit (2. redoviti rok)|Z||prof. dr.sc. Maja Matetić / mag. educ. math. et inf. Dejan Ljubobratović
19.03.2021.|00:00-23:59|online|Završni ispit (1. izvanredni rok)|Z||prof. dr.sc. Maja Matetić / mag. educ. math. et inf. Dejan Ljubobratović
03.09.2021.|00:00-23:59|online|Završni ispit (2. izvanredni rok)|Z||prof. dr.sc. Maja Matetić / mag. educ. math. et inf. Dejan Ljubobratović
